{
  "elbo": -128.17002868652344,
  "kl_loss": 6.137753009796143,
  "loss": 220.2362823486328,
  "reconstruction_loss": 122.03216552734375,
  "regularizer": 98.20404815673828,
  "global_step": 200000,
  "elapsed_time": 1597.029396533966,
  "uuid": "b8a6d0ba-555f-4afc-b97f-4c77c3560497"
}