{
  "discrete_mig": 0.06695504288195339,
  "elapsed_time": 11.067837953567505,
  "uuid": "1c441d16-645f-458e-b67b-ca64ba0862e8"
}