{
  "discrete_mig": 0.03548085793280778,
  "elapsed_time": 11.253987073898315,
  "uuid": "39ef2ff8-8466-40f9-9944-8a9bc8712e07"
}