{
  "discrete_mig": 0.04982155328800691,
  "elapsed_time": 10.243912696838379,
  "uuid": "dab1ba62-9c85-4f74-8ad5-0542c620f99d"
}