{
  "discrete_mig": 0.04448274857080437,
  "elapsed_time": 0.982450008392334,
  "uuid": "f9e00154-3e9b-47bd-bea3-a4de4abc0c7a"
}