{
  "elbo": -471.1467590332031,
  "kl_loss": 2.063922166824341,
  "loss": 502.10540771484375,
  "reconstruction_loss": 469.08282470703125,
  "regularizer": 33.02275466918945,
  "global_step": 100000,
  "elapsed_time": 1299.259194135666,
  "uuid": "bd98fce3-09a5-4cde-b8cd-de293e36955b"
}