{
  "discrete_mig": 0.12645000801351794,
  "elapsed_time": 24.82012438774109,
  "uuid": "07fe0331-7305-4c0a-b048-89885a5a6b7f"
}