{
  "discrete_mig": 0.15691083344998003,
  "elapsed_time": 12.271430015563965,
  "uuid": "a0cc407e-71fe-49ce-bfd2-d6b179296891"
}