{
  "elbo": -678.4022216796875,
  "kl_loss": 11.437346458435059,
  "loss": 542.992431640625,
  "reconstruction_loss": 666.9650268554688,
  "regularizer": -123.97277069091797,
  "global_step": 300000,
  "elapsed_time": 2630.958160638809,
  "uuid": "5d24b46f-c43b-44b3-8732-21124fb79711"
}