{
  "elbo": -1306.512451171875,
  "kl_loss": 2.4593820571899414,
  "loss": 1343.4041748046875,
  "reconstruction_loss": 1304.0535888671875,
  "regularizer": 39.35011291503906,
  "global_step": 100000,
  "elapsed_time": 1120.340595960617,
  "uuid": "10e635c1-39fd-4f29-a7a5-6a05782e3b6e"
}