{
  "discrete_mig": 0.007014333210013911,
  "elapsed_time": 8.867279529571533,
  "uuid": "170fbc4c-24a6-4319-a46f-785a6ee0ee8e"
}