{
  "discrete_mig": 0.06784518582283008,
  "elapsed_time": 16.13089895248413,
  "uuid": "dcd2fffb-a9d4-4f07-b185-7c5c143a0d84"
}