{
  "discrete_mig": 0.06082408234763881,
  "elapsed_time": 13.512225866317749,
  "uuid": "7eac52e7-2fec-4e00-8a91-1f583b131037"
}