{
  "elbo": -319.4603576660156,
  "kl_loss": 2.4743881225585938,
  "loss": 326.8834228515625,
  "reconstruction_loss": 316.9859924316406,
  "regularizer": 9.897552490234375,
  "global_step": 10000,
  "elapsed_time": 893.1927874088287,
  "uuid": "51158c12-0edc-4366-9eff-853c75d454dd"
}