{
  "discrete_mig": 0.05627138230575105,
  "elapsed_time": 12.416435718536377,
  "uuid": "621be01c-b0af-45d5-a051-9ff693d7eb36"
}