{
  "SAP_score": 0.006666666666666673,
  "elapsed_time": 13.949087142944336,
  "uuid": "2ccb2fa7-5da5-4fb4-80b5-f666a4390cfc"
}