{
  "SAP_score": 0.007199999999999993,
  "elapsed_time": 14.10041618347168,
  "uuid": "9abf0b4f-36d1-4d79-a7c9-dec28dad5a8b"
}