{
  "elbo": -542.8331909179688,
  "kl_loss": 5.068564414978027,
  "loss": 558.0388793945312,
  "reconstruction_loss": 537.7648315429688,
  "regularizer": 20.27425765991211,
  "global_step": 50000,
  "elapsed_time": 4518.461142539978,
  "uuid": "399e94d3-b4f5-43a7-a208-900381cc326f"
}