{
  "elbo": -560.57080078125,
  "kl_loss": 4.172794342041016,
  "loss": 573.089111328125,
  "reconstruction_loss": 556.398193359375,
  "regularizer": 16.691177368164062,
  "global_step": 20000,
  "elapsed_time": 1830.2258026599884,
  "uuid": "9c1376a2-8530-4a1b-94e7-30ccf1b2cd45"
}