{
  "SAP_score": 0.033777777777777775,
  "elapsed_time": 1.0651798248291016,
  "uuid": "725f8556-ee38-4b37-8c6a-766ebf354bf6"
}