{
  "elbo": -521.1447143554688,
  "kl_loss": 0.8082700371742249,
  "loss": 533.2681274414062,
  "reconstruction_loss": 520.336181640625,
  "regularizer": 12.932320594787598,
  "global_step": 10000,
  "elapsed_time": 145.15161752700806,
  "uuid": "4526ce68-7a41-46a0-b560-c9d6301e7a89"
}