{
  "discrete_mig": 0.39168266661720524,
  "elapsed_time": 10.380818367004395,
  "uuid": "7f382b3a-8af7-4ffd-8961-a7450da90742"
}