{
  "elbo": -124.23814392089844,
  "kl_loss": 6.3205766677856445,
  "loss": 219.04690551757812,
  "reconstruction_loss": 117.9175796508789,
  "regularizer": 101.12922668457031,
  "global_step": 300000,
  "elapsed_time": 2417.8785412311554,
  "uuid": "254d2535-1ca2-42d2-9ba7-19efad93456d"
}