{
  "discrete_mig": 0.3929954964792788,
  "elapsed_time": 12.622324705123901,
  "uuid": "b1e2ccd2-ada6-469a-9df7-0c5e1ce27fde"
}