{
  "elbo": -140.35256958007812,
  "kl_loss": 6.125589370727539,
  "loss": 232.23629760742188,
  "reconstruction_loss": 134.22686767578125,
  "regularizer": 98.00942993164062,
  "global_step": 50000,
  "elapsed_time": 4108.266754627228,
  "uuid": "95b459b6-6952-43f6-ba25-daa7d5a58cf3"
}