{"train_results.elbo":{"0":-471.1467590332,"1":-471.1467590332,"2":-471.1467590332,"3":-471.1467590332,"4":-521.1447143555,"5":-521.1447143555,"6":-521.1447143555,"7":-521.1447143555},"train_results.kl_loss":{"0":2.0639221668,"1":2.0639221668,"2":2.0639221668,"3":2.0639221668,"4":0.8082700372,"5":0.8082700372,"6":0.8082700372,"7":0.8082700372},"train_results.loss":{"0":502.1054077148,"1":502.1054077148,"2":502.1054077148,"3":502.1054077148,"4":533.2681274414,"5":533.2681274414,"6":533.2681274414,"7":533.2681274414},"train_results.reconstruction_loss":{"0":469.082824707,"1":469.082824707,"2":469.082824707,"3":469.082824707,"4":520.3361816406,"5":520.3361816406,"6":520.3361816406,"7":520.3361816406},"train_results.regularizer":{"0":33.0227546692,"1":33.0227546692,"2":33.0227546692,"3":33.0227546692,"4":12.9323205948,"5":12.9323205948,"6":12.9323205948,"7":12.9323205948},"train_results.global_step":{"0":100000,"1":100000,"2":100000,"3":100000,"4":10000,"5":10000,"6":10000,"7":10000},"train_results.elapsed_time":{"0":1299.2591941357,"1":1299.2591941357,"2":1299.2591941357,"3":1299.2591941357,"4":145.151617527,"5":145.151617527,"6":145.151617527,"7":145.151617527},"train_results.uuid":{"0":"bd98fce3-09a5-4cde-b8cd-de293e36955b","1":"bd98fce3-09a5-4cde-b8cd-de293e36955b","2":"bd98fce3-09a5-4cde-b8cd-de293e36955b","3":"bd98fce3-09a5-4cde-b8cd-de293e36955b","4":"4526ce68-7a41-46a0-b560-c9d6301e7a89","5":"4526ce68-7a41-46a0-b560-c9d6301e7a89","6":"4526ce68-7a41-46a0-b560-c9d6301e7a89","7":"4526ce68-7a41-46a0-b560-c9d6301e7a89"},"evaluation_results.gaussian_total_correlation":{"0":0.2252208234,"1":null,"2":null,"3":null,"4":1.6621434741,"5":null,"6":null,"7":null},"evaluation_results.gaussian_wasserstein_correlation":{"0":0.0005674836,"1":null,"2":null,"3":null,"4":0.0016019309,"5":null,"6":null,"7":null},"evaluation_results.gaussian_wasserstein_correlation_norm":{"0":0.000354878,"1":null,"2":null,"3":null,"4":0.0020790948,"5":null,"6":null,"7":null},"evaluation_results.mutual_info_score":{"0":1.2366100945,"1":null,"2":null,"3":null,"4":1.2810631571,"5":null,"6":null,"7":null},"evaluation_results.elapsed_time":{"0":0.9721324444,"1":9.4233732224,"2":0.9824500084,"3":1.0733821392,"4":0.9712741375,"5":9.4107575417,"6":0.9833414555,"7":1.0651798248},"evaluation_results.uuid":{"0":"aa3c0cdf-0355-4cbe-8d03-fa7f02598843","1":"8826f3af-0c57-45df-8c51-41b7e9b35a14","2":"f9e00154-3e9b-47bd-bea3-a4de4abc0c7a","3":"5271ba36-030d-4ba5-a22d-13470551f2fc","4":"09c2494f-6c4b-4848-892d-5ed1b5b15bdb","5":"4978c633-e413-44b5-b7db-d97bd63ac25e","6":"055131e5-bcd5-45c9-b834-4a9883950809","7":"725f8556-ee38-4b37-8c6a-766ebf354bf6"},"postprocess_results.elapsed_time":{"0":1.5962176323,"1":1.5962176323,"2":1.5962176323,"3":1.5962176323,"4":1.6006727219,"5":1.6006727219,"6":1.6006727219,"7":1.6006727219},"postprocess_results.uuid":{"0":"5403ed83-bb42-463e-86ea-a478faa48654","1":"5403ed83-bb42-463e-86ea-a478faa48654","2":"5403ed83-bb42-463e-86ea-a478faa48654","3":"5403ed83-bb42-463e-86ea-a478faa48654","4":"c1b69bdb-8dc3-488c-9e2d-779e24ff9a1b","5":"c1b69bdb-8dc3-488c-9e2d-779e24ff9a1b","6":"c1b69bdb-8dc3-488c-9e2d-779e24ff9a1b","7":"c1b69bdb-8dc3-488c-9e2d-779e24ff9a1b"},"evaluation_config.dataset.name":{"0":"'scatt'","1":"'scatt'","2":"'scatt'","3":"'scatt'","4":"'scatt'","5":"'scatt'","6":"'scatt'","7":"'scatt'"},"evaluation_config.discretizer.discretizer_fn":{"0":"@histogram_discretizer","1":null,"2":"@histogram_discretizer","3":null,"4":"@histogram_discretizer","5":null,"6":"@histogram_discretizer","7":null},"evaluation_config.discretizer.num_bins":{"0":"20","1":null,"2":"20","3":null,"4":"20","5":null,"6":"20","7":null},"evaluation_config.evaluation.evaluation_fn":{"0":"@unsupervised_metrics","1":"@beta_vae_sklearn","2":"@mig","3":"@sap_score","4":"@unsupervised_metrics","5":"@beta_vae_sklearn","6":"@mig","7":"@sap_score"},"evaluation_config.evaluation.name":{"0":"''","1":"''","2":"''","3":"''","4":"''","5":"''","6":"''","7":"''"},"evaluation_config.evaluation.random_seed":{"0":"1","1":"0","2":"0","3":"1","4":"1","5":"0","6":"0","7":"1"},"evaluation_config.unsupervised_metrics.batch_size":{"0":"16","1":null,"2":null,"3":null,"4":"16","5":null,"6":null,"7":null},"evaluation_config.unsupervised_metrics.num_train":{"0":"1000","1":null,"2":null,"3":null,"4":"1000","5":null,"6":null,"7":null},"train_config.AdamOptimizer.beta1":{"0":"0.9","1":"0.9","2":"0.9","3":"0.9","4":"0.9","5":"0.9","6":"0.9","7":"0.9"},"train_config.AdamOptimizer.beta2":{"0":"0.999","1":"0.999","2":"0.999","3":"0.999","4":"0.999","5":"0.999","6":"0.999","7":"0.999"},"train_config.AdamOptimizer.epsilon":{"0":"1e-08","1":"1e-08","2":"1e-08","3":"1e-08","4":"1e-08","5":"1e-08","6":"1e-08","7":"1e-08"},"train_config.AdamOptimizer.learning_rate":{"0":"0.0001","1":"0.0001","2":"0.0001","3":"0.0001","4":"0.0001","5":"0.0001","6":"0.0001","7":"0.0001"},"train_config.AdamOptimizer.name":{"0":"'Adam'","1":"'Adam'","2":"'Adam'","3":"'Adam'","4":"'Adam'","5":"'Adam'","6":"'Adam'","7":"'Adam'"},"train_config.AdamOptimizer.use_locking":{"0":"False","1":"False","2":"False","3":"False","4":"False","5":"False","6":"False","7":"False"},"train_config.bernoulli_loss.subtract_true_image_entropy":{"0":"False","1":"False","2":"False","3":"False","4":"False","5":"False","6":"False","7":"False"},"train_config.dataset.name":{"0":"'scatt'","1":"'scatt'","2":"'scatt'","3":"'scatt'","4":"'scatt'","5":"'scatt'","6":"'scatt'","7":"'scatt'"},"train_config.decoder.decoder_fn":{"0":"@deconv_decoder","1":"@deconv_decoder","2":"@deconv_decoder","3":"@deconv_decoder","4":"@deconv_decoder","5":"@deconv_decoder","6":"@deconv_decoder","7":"@deconv_decoder"},"train_config.encoder.encoder_fn":{"0":"@conv_encoder","1":"@conv_encoder","2":"@conv_encoder","3":"@conv_encoder","4":"@conv_encoder","5":"@conv_encoder","6":"@conv_encoder","7":"@conv_encoder"},"train_config.encoder.num_latent":{"0":"3","1":"3","2":"3","3":"3","4":"3","5":"3","6":"3","7":"3"},"train_config.export_as_tf_hub.drop_collections":{"0":"None","1":"None","2":"None","3":"None","4":"None","5":"None","6":"None","7":"None"},"train_config.model.batch_size":{"0":"32","1":"32","2":"32","3":"32","4":"32","5":"32","6":"32","7":"32"},"train_config.model.eval_steps":{"0":"1000","1":"1000","2":"1000","3":"1000","4":"1000","5":"1000","6":"1000","7":"1000"},"train_config.model.model":{"0":"@vae()","1":"@vae()","2":"@vae()","3":"@vae()","4":"@vae()","5":"@vae()","6":"@vae()","7":"@vae()"},"train_config.model.model_num":{"0":"None","1":"None","2":"None","3":"None","4":"None","5":"None","6":"None","7":"None"},"train_config.model.name":{"0":"''","1":"''","2":"''","3":"''","4":"''","5":"''","6":"''","7":"''"},"train_config.model.random_seed":{"0":"0","1":"0","2":"0","3":"0","4":"0","5":"0","6":"0","7":"0"},"train_config.model.training_steps":{"0":"100000","1":"100000","2":"100000","3":"100000","4":"10000","5":"10000","6":"10000","7":"10000"},"train_config.reconstruction_loss.activation":{"0":"'logits'","1":"'logits'","2":"'logits'","3":"'logits'","4":"'logits'","5":"'logits'","6":"'logits'","7":"'logits'"},"train_config.reconstruction_loss.loss_fn":{"0":"@bernoulli_loss","1":"@bernoulli_loss","2":"@bernoulli_loss","3":"@bernoulli_loss","4":"@bernoulli_loss","5":"@bernoulli_loss","6":"@bernoulli_loss","7":"@bernoulli_loss"},"train_config.vae.beta":{"0":"16","1":"16","2":"16","3":"16","4":"16","5":"16","6":"16","7":"16"},"train_config.vae_optimizer.learning_rate":{"0":"None","1":"None","2":"None","3":"None","4":"None","5":"None","6":"None","7":"None"},"train_config.vae_optimizer.optimizer_fn":{"0":"@AdamOptimizer","1":"@AdamOptimizer","2":"@AdamOptimizer","3":"@AdamOptimizer","4":"@AdamOptimizer","5":"@AdamOptimizer","6":"@AdamOptimizer","7":"@AdamOptimizer"},"postprocess_config.dataset.name":{"0":"'scatt'","1":"'scatt'","2":"'scatt'","3":"'scatt'","4":"'scatt'","5":"'scatt'","6":"'scatt'","7":"'scatt'"},"postprocess_config.postprocess.name":{"0":"''","1":"''","2":"''","3":"''","4":"''","5":"''","6":"''",