{
  "discrete_mig": 0.20111140358511842,
  "elapsed_time": 8.811888933181763,
  "uuid": "2061ce23-3ba4-4742-bbc1-8997d38b716a"
}