{
  "kl_loss": 20.223909378051758,
  "loss": 1015.3825073242188,
  "reconstruction_loss": 943.8038940429688,
  "regularizer": 71.57898712158203,
  "global_step": 300002,
  "elapsed_time": 1821.7319176197052,
  "uuid": "fa975e3b-0729-43dc-b018-76cd7190592d"
}