{
  "discrete_mig": 0.1896488091562914,
  "elapsed_time": 8.3731107711792,
  "uuid": "60354f43-5679-41b8-96c3-e5a139dece3c"
}