{
  "SAP_score": 0.021333333333333326,
  "elapsed_time": 11.674362659454346,
  "uuid": "e2710d45-ddcd-4686-88e9-2aac0fcf4168"
}