{
  "SAP_score": 0.0063333333333333314,
  "elapsed_time": 15.47930121421814,
  "uuid": "17f938c1-28f8-4a9c-a4aa-10507d4d9d04"
}