{
  "SAP_score": 0.005333333333333336,
  "elapsed_time": 5.521181583404541,
  "uuid": "556f609a-9525-493f-9295-19249652df59"
}