{
  "SAP_score": 0.026333333333333337,
  "elapsed_time": 17.136853218078613,
  "uuid": "6ec40ce6-4e86-4774-b5dc-ac531b18f733"
}