{
  "SAP_score": 0.007333333333333334,
  "elapsed_time": 8.902024269104004,
  "uuid": "bd00a913-fff3-482a-abd3-4f62a3c49356"
}