{
  "SAP_score": 0.00586666666666667,
  "elapsed_time": 11.434739828109741,
  "uuid": "8fb4588c-9454-4c34-a535-0b667c20249e"
}