{
  "SAP_score": 0.0008888888888888904,
  "elapsed_time": 5.361750602722168,
  "uuid": "fc25db1b-a080-4dd0-ae9c-391be1eacec3"
}