{
  "SAP_score": 0.004000000000000002,
  "elapsed_time": 9.016016960144043,
  "uuid": "5bf8b0f6-8fa6-40d7-bbde-e145f62a4396"
}