{
  "SAP_score": 0.01199999999999999,
  "elapsed_time": 17.471686840057373,
  "uuid": "c1bf7aad-4fa8-40b2-b0cf-ab967741866c"
}