{
  "SAP_score": 0.002333333333333333,
  "elapsed_time": 12.40759539604187,
  "uuid": "b53ff8f4-5ca2-454b-86e6-f838aed081a1"
}