{
  "SAP_score": 0.0026666666666666627,
  "elapsed_time": 12.867569923400879,
  "uuid": "ae74050e-e1c3-4043-87a3-2f65eeebced4"
}