{
  "SAP_score": 0.05033333333333333,
  "elapsed_time": 17.205474853515625,
  "uuid": "4e783241-d8fa-4b52-a86f-900256a6d093"
}