{
  "SAP_score": 0.0026666666666666657,
  "elapsed_time": 4.8991687297821045,
  "uuid": "4720d0de-0b72-4659-8874-b35684e84ece"
}