{
  "SAP_score": 0.003111111111111112,
  "elapsed_time": 5.266925096511841,
  "uuid": "c8d03abc-dc95-4907-86fd-ceca352043ef"
}