{
  "elbo": -639.2597045898438,
  "kl_loss": 1.0552726984024048,
  "loss": 655.0890502929688,
  "reconstruction_loss": 638.20458984375,
  "regularizer": 16.884363174438477,
  "global_step": 10000,
  "elapsed_time": 916.680525302887,
  "uuid": "b1d24803-06e7-459b-9015-0630ed1a6291"
}