{
  "elbo": -847.2578125,
  "kl_loss": 3.051870584487915,
  "loss": 893.03564453125,
  "reconstruction_loss": 844.2059936523438,
  "regularizer": 48.82992935180664,
  "global_step": 30000,
  "elapsed_time": 2685.9652848243713,
  "uuid": "90325f51-c3dc-48f6-84d8-a190df4d0b39"
}