{
  "elbo": -635.5752563476562,
  "kl_loss": 1.0770609378814697,
  "loss": 651.7310791015625,
  "reconstruction_loss": 634.49755859375,
  "regularizer": 17.232975006103516,
  "global_step": 10000,
  "elapsed_time": 1039.0122680664062,
  "uuid": "287a32c7-ebfa-466b-b09a-fdf8708b3320"
}