{
  "elbo": -1756.0618896484375,
  "kl_loss": 6.0561676025390625,
  "loss": 1846.90380859375,
  "reconstruction_loss": 1750.0042724609375,
  "regularizer": 96.898681640625,
  "global_step": 10000,
  "elapsed_time": 1035.1492714881897,
  "uuid": "6aef74cd-d56e-4b3c-992f-f5c8d585e9cd"
}