{
  "elbo": -894.8907470703125,
  "kl_loss": 0.5072357058525085,
  "loss": 902.4989013671875,
  "reconstruction_loss": 894.3837280273438,
  "regularizer": 8.115771293640137,
  "global_step": 1000,
  "elapsed_time": 299.3146975040436,
  "uuid": "7d5f809e-95e9-4ce7-9f16-bf93bcd7f335"
}