{
  "elbo": -459.2945556640625,
  "kl_loss": 0.016111908480525017,
  "loss": 459.5361022949219,
  "reconstruction_loss": 459.27838134765625,
  "regularizer": 0.25779053568840027,
  "global_step": 1000,
  "elapsed_time": 31.873953104019165,
  "uuid": "a6a6db62-2c34-4f57-8298-6374386a8246"
}