{
  "elbo": -1594.285888671875,
  "kl_loss": 7.495782375335693,
  "loss": 1706.7230224609375,
  "reconstruction_loss": 1586.7891845703125,
  "regularizer": 119.9325180053711,
  "global_step": 30000,
  "elapsed_time": 2964.8932383060455,
  "uuid": "f68b6a5d-ce7e-4e43-a558-25f41b5a69fb"
}