{
  "elbo": -2993.860595703125,
  "kl_loss": 6.139793872833252,
  "loss": 3085.956298828125,
  "reconstruction_loss": 2987.719482421875,
  "regularizer": 98.23670196533203,
  "global_step": 30000,
  "elapsed_time": 2535.389043569565,
  "uuid": "cbac90b1-f299-4ca1-a379-bdc6abd63bc9"
}