{
  "discrete_mig": 0.003619254752071705,
  "elapsed_time": 56.922266483306885,
  "uuid": "042d1e0d-7948-4a1e-bcd5-03e79b70c10e"
}