{
  "discrete_mig": 0.0017075446724548135,
  "elapsed_time": 4.8657636642456055,
  "uuid": "140abcb7-69d1-4013-8cec-0ac71fff5493"
}