{
  "discrete_mig": 0.002253957779240338,
  "elapsed_time": 10.776186227798462,
  "uuid": "1167bfc3-1818-40b6-8b42-7acd881eed54"
}