{
  "discrete_mig": 0.0035534637278736886,
  "elapsed_time": 8.67944073677063,
  "uuid": "a3231c39-e2fb-40f2-86e4-83f48965c6f7"
}