{
  "discrete_mig": 0.0014862414952269034,
  "elapsed_time": 10.994348764419556,
  "uuid": "373149b9-c521-45cf-8103-01090d616723"
}