{
  "discrete_mig": 0.016567670714753808,
  "elapsed_time": 4.94089150428772,
  "uuid": "8d52e1e0-e17b-409e-99e3-bc4332ffdcf6"
}