{
  "discrete_mig": 0.15378239619932602,
  "elapsed_time": 16.48406410217285,
  "uuid": "c67c3be9-ab43-442f-9532-bcc0e91bb0cb"
}