{
  "discrete_mig": 0.0019623141915877246,
  "elapsed_time": 10.757391452789307,
  "uuid": "0b64109c-db26-4ddc-9a2f-15333f4c4ef3"
}