{
  "discrete_mig": 0.022881883052539607,
  "elapsed_time": 16.211930513381958,
  "uuid": "6fbdc515-f78d-4a60-a3e4-f051ac58d8b2"
}