{
  "discrete_mig": 0.003962516354917207,
  "elapsed_time": 4.737003803253174,
  "uuid": "6db677fe-7d8e-4404-a534-da45935f5f3b"
}