{
  "discrete_mig": 0.0032268855922345813,
  "elapsed_time": 8.256778001785278,
  "uuid": "202457a4-6423-4cd1-9701-55cca6834001"
}