{
  "discrete_mig": 0.1010163754200868,
  "elapsed_time": 15.790725231170654,
  "uuid": "aca2627a-2aeb-4b5d-82ee-4ab94fc67361"
}