{
  "elbo": -2967.28466796875,
  "kl_loss": 6.170636177062988,
  "loss": 3059.845947265625,
  "reconstruction_loss": 2961.116455078125,
  "regularizer": 98.73017883300781,
  "global_step": 30000,
  "elapsed_time": 2574.5079798698425,
  "uuid": "0168d391-4dd1-4db4-b5c6-b185137dab8e"
}