{
  "elbo": -621.9479370117188,
  "kl_loss": 6.13395357131958,
  "loss": 713.9564819335938,
  "reconstruction_loss": 615.8133544921875,
  "regularizer": 98.14325714111328,
  "global_step": 30000,
  "elapsed_time": 2737.270794391632,
  "uuid": "8a33fab7-1112-4319-834b-50115befe704"
}