{
  "elbo": -571.0416870117188,
  "kl_loss": 2.336111068725586,
  "loss": 606.0831298828125,
  "reconstruction_loss": 568.7047729492188,
  "regularizer": 37.377777099609375,
  "global_step": 100000,
  "elapsed_time": 8961.95968747139,
  "uuid": "094ff5bf-e95d-4971-bdae-4a279a3a3d56"
}