{
  "elbo": -619.5270385742188,
  "kl_loss": 5.983376502990723,
  "loss": 709.2777709960938,
  "reconstruction_loss": 613.5428466796875,
  "regularizer": 95.73402404785156,
  "global_step": 30000,
  "elapsed_time": 2798.3009884357452,
  "uuid": "f80f7255-b106-4623-981c-95d144e7a2e3"
}