{
  "elbo": -130.737548828125,
  "kl_loss": 6.453603744506836,
  "loss": 227.54156494140625,
  "reconstruction_loss": 124.2838363647461,
  "regularizer": 103.25765991210938,
  "global_step": 100000,
  "elapsed_time": 809.6610324382782,
  "uuid": "ad96e3c0-25e5-4f23-87f7-df0ba0c3b3f1"
}