{
  "SAP_score": 0.031111111111111117,
  "elapsed_time": 1.0733821392059326,
  "uuid": "5271ba36-030d-4ba5-a22d-13470551f2fc"
}