{
  "discrete_mig": 0.019536169721536215,
  "elapsed_time": 14.819071054458618,
  "uuid": "6fe84070-4201-4e1a-983c-9d4a397fc5e0"
}