{
  "discrete_mig": 0.03376187535408085,
  "elapsed_time": 7.973074197769165,
  "uuid": "58b188e3-b3c6-4498-a260-232d198b3385"
}