{
  "discrete_mig": 0.17659926560945186,
  "elapsed_time": 8.3501136302948,
  "uuid": "b7100897-a6e6-48b7-b9f2-cce7f6b6e47b"
}