{
  "elbo": -1121.6864013671875,
  "kl_loss": 13.018965721130371,
  "loss": 987.1196899414062,
  "reconstruction_loss": 1108.6671142578125,
  "regularizer": -121.54722595214844,
  "global_step": 300000,
  "elapsed_time": 2799.1004271507263,
  "uuid": "89fb40a6-e23e-4fa8-9e29-f61883b337db"
}