{
  "elbo": -562.8446044921875,
  "kl_loss": 10.791229248046875,
  "loss": 418.65155029296875,
  "reconstruction_loss": 552.0535888671875,
  "regularizer": -133.40216064453125,
  "global_step": 300000,
  "elapsed_time": 3577.077287197113,
  "uuid": "50d649f5-2e60-4f4d-b3bf-b1faaf10da8e"
}