{
  "elbo": -132.13673400878906,
  "kl_loss": 6.4184956550598145,
  "loss": 228.41415405273438,
  "reconstruction_loss": 125.71825408935547,
  "regularizer": 102.69593048095703,
  "global_step": 100000,
  "elapsed_time": 8611.315702915192,
  "uuid": "2e6efd5f-1712-4bd2-9e40-dd410f1f1455"
}