{
  "discrete_mig": 0.17973091357113458,
  "elapsed_time": 8.597638368606567,
  "uuid": "6e5344c2-5501-4cca-b188-8518c4588cb4"
}