{
  "elbo": -1304.0474853515625,
  "kl_loss": 2.4738569259643555,
  "loss": 1341.1566162109375,
  "reconstruction_loss": 1301.5740966796875,
  "regularizer": 39.58171081542969,
  "global_step": 300000,
  "elapsed_time": 2664.3722808361053,
  "uuid": "688af876-e82e-4716-8287-2ab50515919d"
}