{
  "SAP_score": 0.004888888888888889,
  "elapsed_time": 5.001712322235107,
  "uuid": "b57956f0-acc8-4545-81fd-c7fd920b73a5"
}