{
  "elbo": -602.4296875,
  "kl_loss": 6.004796028137207,
  "loss": 601.7297973632812,
  "reconstruction_loss": 596.4249267578125,
  "regularizer": 5.304800987243652,
  "global_step": 30000,
  "elapsed_time": 2742.864369869232,
  "uuid": "85ee77d3-a92a-47d1-bb1d-4c530ec28b25"
}