{
  "elbo": -60.108238220214844,
  "kl_loss": 26.233964920043945,
  "loss": 60.108238220214844,
  "reconstruction_loss": 33.87428665161133,
  "regularizer": 26.233964920043945,
  "global_step": 100000,
  "elapsed_time": 856.9629054069519,
  "uuid": "8863800d-2394-4081-b22a-75ff19757659"
}