{
  "SAP_score": 0.013000000000000012,
  "elapsed_time": 8.254897594451904,
  "uuid": "61a6627c-2754-442d-8b14-7985ca223433"
}