{
  "discrete_mig": 0.06520006107744888,
  "elapsed_time": 13.637509107589722,
  "uuid": "dd0307ad-c730-4483-a86b-a4a05cbbb98a"
}