{
  "elbo": -130.481689453125,
  "kl_loss": 6.455966949462891,
  "loss": 227.3210906982422,
  "reconstruction_loss": 124.02569580078125,
  "regularizer": 103.29547119140625,
  "global_step": 100000,
  "elapsed_time": 1071.142713546753,
  "uuid": "691a9229-f69e-4d78-87bc-eec50d22512a"
}