{
  "elbo": -742.475341796875,
  "kl_loss": 4.959078788757324,
  "loss": 816.8617553710938,
  "reconstruction_loss": 737.5161743164062,
  "regularizer": 79.34526062011719,
  "global_step": 300000,
  "elapsed_time": 2476.030371904373,
  "uuid": "bfba4701-147f-4300-b5a3-45944456f3e1"
}