{
  "elbo": -568.3419189453125,
  "kl_loss": 2.3402624130249023,
  "loss": 603.4451904296875,
  "reconstruction_loss": 566.001220703125,
  "regularizer": 37.44419860839844,
  "global_step": 100000,
  "elapsed_time": 8815.920025587082,
  "uuid": "d36f05fe-e155-45d1-8c95-92d0de965ca2"
}