{
  "elbo": -2892.28369140625,
  "kl_loss": 16.694576263427734,
  "loss": 2942.367431640625,
  "reconstruction_loss": 2875.589599609375,
  "regularizer": 66.77830505371094,
  "global_step": 100,
  "elapsed_time": 43.7088828086853,
  "uuid": "d3c21567-566e-4419-ab6f-5a762653069d"
}