{
  "gaussian_total_correlation": 6.475628590528604,
  "gaussian_wasserstein_correlation": 0.177388178544426,
  "gaussian_wasserstein_correlation_norm": 0.028006503656306376,
  "mutual_info_score": 0.19206092987470272,
  "elapsed_time": 14.187024354934692,
  "uuid": "3901c3a9-77e6-48ca-b6fc-f30d2cc08760"
}