{
  "gaussian_total_correlation": 0.04852160957512197,
  "gaussian_wasserstein_correlation": 0.015946674518387383,
  "gaussian_wasserstein_correlation_norm": 0.004414923141150459,
  "mutual_info_score": 0.240887271089621,
  "elapsed_time": 4.749691009521484,
  "uuid": "b0300066-a869-43fc-bd56-6ae4ad88db03"
}