{
  "gaussian_total_correlation": 5.703064629908319,
  "gaussian_wasserstein_correlation": 0.019588691378393364,
  "gaussian_wasserstein_correlation_norm": 0.00527512804343,
  "mutual_info_score": 0.21741113214808797,
  "elapsed_time": 11.823668479919434,
  "uuid": "071269c8-4f42-4c10-932e-8b4468f9e15f"
}