{
  "gaussian_total_correlation": 1.3283585738378747,
  "gaussian_wasserstein_correlation": 0.009528198596473914,
  "gaussian_wasserstein_correlation_norm": 0.003020378438648382,
  "mutual_info_score": 0.23983976924146913,
  "elapsed_time": 10.750929117202759,
  "uuid": "4d0cb5a3-5a0c-4388-83d0-286b005dcaa5"
}