{
  "elbo": -139.64434814453125,
  "kl_loss": 6.367959976196289,
  "loss": 235.1636199951172,
  "reconstruction_loss": 133.2762908935547,
  "regularizer": 101.88735961914062,
  "global_step": 30000,
  "elapsed_time": 2840.432851791382,
  "uuid": "0001c6a5-6feb-4de3-87cf-ab7512842d8f"
}