{
  "elbo": -156.76766967773438,
  "kl_loss": 6.0038909912109375,
  "loss": 246.8260040283203,
  "reconstruction_loss": 150.76370239257812,
  "regularizer": 96.062255859375,
  "global_step": 10000,
  "elapsed_time": 105.51114773750305,
  "uuid": "2b201aef-0155-40cf-8ce2-a4ab5cb7e098"
}