{
  "kl_loss": 24.983938217163086,
  "loss": 640.0181884765625,
  "reconstruction_loss": 608.8074340820312,
  "regularizer": 31.21097183227539,
  "global_step": 300002,
  "elapsed_time": 2154.076405763626,
  "uuid": "995690d7-b119-4326-bad8-b366a001cb8a"
}