{
  "kl_loss": 10.726731300354004,
  "loss": 1286.1790771484375,
  "reconstruction_loss": 1274.4637451171875,
  "regularizer": 11.71488094329834,
  "global_step": 100002,
  "elapsed_time": 627.1939616203308,
  "uuid": "7593ca92-3ed9-485d-8e8c-9459a392374f"
}