{
  "discrete_mig": 0.002972653789159422,
  "elapsed_time": 5.779707193374634,
  "uuid": "a7706cb2-fff3-4185-aae2-311f8ca76abb"
}