{
  "discrete_mig": 0.004127425565595793,
  "elapsed_time": 4.76278018951416,
  "uuid": "a38b4297-7e83-471b-aa91-dd10dd4bd16f"
}