{
  "discrete_mig": 0.008472739490106254,
  "elapsed_time": 7.539863109588623,
  "uuid": "a4d923cb-abf3-41df-a8c8-976c3213b780"
}