{
  "discrete_mig": 0.025231822171266908,
  "elapsed_time": 0.9833414554595947,
  "uuid": "055131e5-bcd5-45c9-b834-4a9883950809"
}