{
  "discrete_mig": 0.1921476566813902,
  "elapsed_time": 23.162208318710327,
  "uuid": "c9c790f4-92d9-4b7b-9e82-3b27df2a73b3"
}