{
  "discrete_mig": 0.10271615901898538,
  "elapsed_time": 14.891798496246338,
  "uuid": "149d3cc9-a2b2-45f7-a914-62f0be016326"
}