{
  "discrete_mig": 0.10340016712212924,
  "elapsed_time": 11.488960027694702,
  "uuid": "f3861535-2f8a-4ea0-91ea-fe81f05b833a"
}