{
  "discrete_mig": 0.1858174702484325,
  "elapsed_time": 24.083791971206665,
  "uuid": "976f7fbb-a753-47fd-ab88-6f63161cbf9c"
}