{
  "SAP_score": 0.026666666666666658,
  "elapsed_time": 10.719735383987427,
  "uuid": "042a30e3-8bcb-4945-82f6-a20985e341bc"
}