{
  "elbo": -64.92301940917969,
  "kl_loss": 14.141226768493652,
  "loss": 107.3468017578125,
  "reconstruction_loss": 50.78179168701172,
  "regularizer": 56.56490707397461,
  "global_step": 300000,
  "elapsed_time": 3313.0206303596497,
  "uuid": "5fa209d9-dc8a-41be-a093-34cd334293c9"
}