{
  "elbo": -658.601318359375,
  "kl_loss": 4.0266828536987305,
  "loss": 719.000732421875,
  "reconstruction_loss": 654.5736083984375,
  "regularizer": 64.42692565917969,
  "global_step": 100000,
  "elapsed_time": 1099.0513746738434,
  "uuid": "6480489e-8162-4a58-a04a-6632bdc8f7c7"
}