{
  "discrete_mig": 0.04653776195549848,
  "elapsed_time": 13.690150499343872,
  "uuid": "345431b0-aa8c-498a-af0e-dad7173ef171"
}