{
  "elbo": -50.633140563964844,
  "kl_loss": 27.148168563842773,
  "loss": 50.633140563964844,
  "reconstruction_loss": 23.48500633239746,
  "regularizer": 27.148168563842773,
  "global_step": 300000,
  "elapsed_time": 3276.0725140571594,
  "uuid": "d97dfcb5-4414-4293-b61f-a6bbc0851918"
}