{
  "elbo": -469.59393310546875,
  "kl_loss": 2.171172618865967,
  "loss": 502.1611022949219,
  "reconstruction_loss": 467.4227294921875,
  "regularizer": 34.73876190185547,
  "global_step": 100000,
  "elapsed_time": 1292.2030522823334,
  "uuid": "c930218f-9b99-4e2e-bb0c-cda98fa37517"
}