{
  "discrete_mig": 0.01062877568613901,
  "elapsed_time": 8.729559421539307,
  "uuid": "754dddc3-79f7-456d-89ee-dcfee33a1529"
}