{
  "SAP_score": 0.06166666666666667,
  "elapsed_time": 9.98302435874939,
  "uuid": "f9335d97-867d-48c8-95be-57a8ecaa3f03"
}