{
  "elbo": -1296.10693359375,
  "kl_loss": 3.954322576522827,
  "loss": 1126.041748046875,
  "reconstruction_loss": 1292.152587890625,
  "regularizer": -166.11087036132812,
  "global_step": 100000,
  "elapsed_time": 949.1698038578033,
  "uuid": "324a65be-8987-4c6c-86aa-09419dfd587f"
}