{
  "SAP_score": 0.062333333333333324,
  "elapsed_time": 10.705520868301392,
  "uuid": "95ba0ca3-d742-4053-a00d-91551e24fa7c"
}