{
  "elbo": -1526.2437744140625,
  "kl_loss": 8.441740036010742,
  "loss": 1652.870849609375,
  "reconstruction_loss": 1517.802978515625,
  "regularizer": 135.06784057617188,
  "global_step": 50000,
  "elapsed_time": 4869.105295658112,
  "uuid": "75cc903c-70d5-4a55-9843-50476428755a"
}