{
  "elbo": -2725.34716796875,
  "kl_loss": 8.969220161437988,
  "loss": 2859.88525390625,
  "reconstruction_loss": 2716.378173828125,
  "regularizer": 143.5075225830078,
  "global_step": 100000,
  "elapsed_time": 8292.712847232819,
  "uuid": "94f7e8dd-c0a5-48d7-8666-d4ac78df88e5"
}