{
  "discrete_mig": 0.04394977811353979,
  "elapsed_time": 11.70546269416809,
  "uuid": "1821844b-c7b0-4d46-9fc5-e589f5b5f3f7"
}