{
  "elbo": -1308.341796875,
  "kl_loss": 2.38958740234375,
  "loss": 1344.1873779296875,
  "reconstruction_loss": 1305.9539794921875,
  "regularizer": 38.2333984375,
  "global_step": 100000,
  "elapsed_time": 912.4634251594543,
  "uuid": "27c027e0-19e1-4cbf-ba06-5ef905e89f5a"
}