{
  "SAP_score": 0.014666666666666656,
  "elapsed_time": 9.05078673362732,
  "uuid": "14962c7a-1bab-417d-8d3d-1991e0269861"
}