{
  "discrete_mig": 0.004039156126740692,
  "elapsed_time": 2.646385908126831,
  "uuid": "7e884123-8069-4af4-8764-7694826ba002"
}