{
  "discrete_mig": 0.004429161228608302,
  "elapsed_time": 5.264826536178589,
  "uuid": "7899ddf9-92c2-4906-a227-290e464e1f6b"
}