{
  "discrete_mig": 0.011078959758163103,
  "elapsed_time": 1.8098161220550537,
  "uuid": "06a97830-4d2c-4ae6-9ddb-3fefec95365d"
}