{
  "discrete_mig": 0.005752867680905487,
  "elapsed_time": 4.647130250930786,
  "uuid": "da932ddb-1f09-40d3-af39-3acc262e6f2f"
}