{
  "discrete_mig": 0.019629964384426598,
  "elapsed_time": 4.295072078704834,
  "uuid": "f357c5f5-3abd-4a10-9f16-d6b08880dcfb"
}