{
  "discrete_mig": 0.0033159231756416997,
  "elapsed_time": 1.959895372390747,
  "uuid": "eae19fc1-4cbd-4d2f-8981-cdc709de0a03"
}