{
  "discrete_mig": 0.018444228018458245,
  "elapsed_time": 4.81195592880249,
  "uuid": "6a7d67cb-aaad-4cf7-8245-87719b5b8a93"
}