{
  "elbo": -658.1166381835938,
  "kl_loss": 3.5120248794555664,
  "loss": 668.6529541015625,
  "reconstruction_loss": 654.6044311523438,
  "regularizer": 14.048099517822266,
  "global_step": 10000,
  "elapsed_time": 886.2592675685883,
  "uuid": "fc0f1376-c0fa-404b-9ec2-963caea328b5"
}