{
  "elbo": -500.31341552734375,
  "kl_loss": 2.6610069274902344,
  "loss": 508.2960510253906,
  "reconstruction_loss": 497.65191650390625,
  "regularizer": 10.644027709960938,
  "global_step": 10000,
  "elapsed_time": 987.6271705627441,
  "uuid": "056c30d5-517a-4614-9473-28089469d3d6"
}